Workbook

Sheet PAYRATES
B1: MON-FRI | C1: SAT | D1: SUN
A2: DAY | B2: 53.17 | C2: 68.06 | D2: 85.07
A3: NIGHT | B3: 66.98 | C3: 85.07 | D3: 85.07
A4: GRAVEYARD | B4: 82.73 | C4: 85.07 | D4: 85.07
A5: STAT | B5: 106.34 | C5: 106.34 | D5: 106.34

Sheet HD MECHANIC
B1: DAYOFWEEK | C1: JOBS | D1: SHIFT | E1: STDREG | F1: STDOT | G1: DIFFERENTIAL | H1: OTRATE | I1: REGRATE | J1: REGHRS | K1: OTHRS | L1: PAY | M1: YEAR
A2: mon-fri day | B2: 1 , 2 , 3 , 4 , 5 | C2: HD MECHANIC , CARPENTER , ELECTRICIAN , MILLWRIGHT , PLUMBER , TRACKMAN , WELDER , | D2: DAY | E2: =VLOOKUP(D2,PAYRATES!$A$1:$D$5,2,FALSE) -> 53.17 | F2: =ROUND(E2*1.5,2) -> 79.76 | G2: 2.5 | H2: =F2+G2 -> 82.26 | I2: =E2+G2 -> 55.67 | J2: 8 | K2: 0 | L2: =(I2*J2)+(H2*K2) -> 445.36 | M2: 2024
A3: mon-fri night | B3: 1 , 2 , 3 , 4 , 5 | C3: =C$2 -> HD MECHANIC , CARPENTER , ELECTRICIAN , MILLWRIGHT , PLUMBER , TRACKMAN , WELDER , | D3: NIGHT | E3: =VLOOKUP(D3,PAYRATES!$A$1:$D$5,2,FALSE) -> 66.98 | F3: =ROUND(E3*1.5,2) -> 100.47 | G3: =G$2 -> 2.5 | H3: =F3+G3 -> 102.97 | I3: =E3+G3 -> 69.48 | J3: =J$2 -> 8 | K3: =K$2 -> 0 | L3: =(I3*J3)+(H3*K3) -> 555.84 | M3: 2024
A4: mon-fri gravy | B4: 1 , 2 , 3 , 4 , 5 | C4: =C$2 -> HD MECHANIC , CARPENTER , ELECTRICIAN , MILLWRIGHT , PLUMBER , TRACKMAN , WELDER , | D4: GRAVEYARD | E4: =VLOOKUP(D4,PAYRATES!$A$1:$D$5,2,FALSE) -> 82.73 | F4: =ROUND(E4*1.5,2) -> 124.1 | G4: =G$2 -> 2.5 | H4: =F4+G4 -> 126.6 | I4: =E4+G4 -> 85.23 | J4: =J$2 -> 8 | K4: =K$2 -> 0 | L4: =(I4*J4)+(H4*K4) -> 681.84 | M4: 2024
A6: Sat day | B6: 6 | C6: =C$2 -> HD MECHANIC , CARPENTER , ELECTRICIAN , MILLWRIGHT , PLUMBER , TRACKMAN , WELDER , | D6: DAY | E6: =VLOOKUP(D6,PAYRATES!$A$1:$D$5,3,FALSE) -> 68.06 | F6: =ROUND(E6*1.5,2) -> 102.09 | G6: =G$2 -> 2.5 | H6: =F6+G6 -> 104.59 | I6: =E6+G6 -> 70.56 | J6: =J$2 -> 8 | K6: =K$2 -> 0 | L6: =(I6*J6)+(H6*K6) -> 564.48 | M6: 2024
A7: Sat night | B7: 6 | C7: =C$2 -> HD MECHANIC , CARPENTER , ELECTRICIAN , MILLWRIGHT , PLUMBER , TRACKMAN , WELDER , | D7: NIGHT | E7: =VLOOKUP(D7,PAYRATES!$A$1:$D$5,3,FALSE) -> 85.07 | F7: =ROUND(E7*1.5,2) -> 127.61 | G7: =G$2 -> 2.5 | H7: =F7+G7 -> 130.11 | I7: =E7+G7 -> 87.57 | J7: =J$2 -> 8 | K7: =K$2 -> 0 | L7: =(I7*J7)+(H7*K7) -> 700.56 | M7: 2024
A8: Sat gravy | B8: 6 | C8: =C$2 -> HD MECHANIC , CARPENTER , ELECTRICIAN , MILLWRIGHT , PLUMBER , TRACKMAN , WELDER , | D8: GRAVEYARD | E8: =VLOOKUP(D8,PAYRATES!$A$1:$D$5,3,FALSE) -> 85.07 | F8: =ROUND(E8*1.5,2) -> 127.61 | G8: =G$2 -> 2.5 | H8: =F8+G8 -> 130.11 | I8: =E8+G8 -> 87.57 | J8: =J$2 -> 8 | K8: =K$2 -> 0 | L8: =(I8*J8)+(H8*K8) -> 700.56 | M8: 2024
A10: Sun day | B10: 0 | C10: =C$2 -> HD MECHANIC , CARPENTER , ELECTRICIAN , MILLWRIGHT , PLUMBER , TRACKMAN , WELDER , | D10: DAY | E10: =VLOOKUP(D10,PAYRATES!$A$1:$D$5,4,FALSE) -> 85.07 | F10: =ROUND(E10*1.5,2) -> 127.61 | G10: =G$2 -> 2.5 | H10: =F10+G10 -> 130.11 | I10: =E10+G10 -> 87.57 | J10: =J$2 -> 8 | K10: =K$2 -> 0 | L10: =(I10*J10)+(H10*K10) -> 700.56 | M10: 2024
A11: Sun night | B11: 0 | C11: =C$2 -> HD MECHANIC , CARPENTER , ELECTRICIAN , MILLWRIGHT , PLUMBER , TRACKMAN , WELDER , | D11: NIGHT | E11: =VLOOKUP(D11,PAYRATES!$A$1:$D$5,4,FALSE) -> 85.07 | F11: =ROUND(E11*1.5,2) -> 127.61 | G11: =G$2 -> 2.5 | H11: =F11+G11 -> 130.11 | I11: =E11+G11 -> 87.57 | J11: =J$2 -> 8 | K11: =K$2 -> 0 | L11: =(I11*J11)+(H11*K11) -> 700.56 | M11: 2024
A12: Sun gravy | B12: 0 | C12: =C$2 -> HD MECHANIC , CARPENTER , ELECTRICIAN , MILLWRIGHT , PLUMBER , TRACKMAN , WELDER , | D12: GRAVEYARD | E12: =VLOOKUP(D12,PAYRATES!$A$1:$D$5,4,FALSE) -> 85.07 | F12: =ROUND(E12*1.5,2) -> 127.61 | G12: =G$2 -> 2.5 | H12: =F12+G12 -> 130.11 | I12: =E12+G12 -> 87.57 | J12: =J$2 -> 8 | K12: =K$2 -> 0 | L12: =(I12*J12)+(H12*K12) -> 700.56 | M12: 2024

Sheet WHEAT
B1: DAYOFWEEK | C1: JOBS | D1: SHIFT | E1: LOCATION | F1: STDREG | G1: STDOT | H1: DIFFERENTIAL | I1: OTRATE | J1: REGRATE | K1: REGHRS | L1: OTHRS | M1: PAY | N1: YEAR
A2: mon-fri day | B2: 1 , 2 , 3 , 4 , 5 | C2: WHEAT SPECIALTY, WHEAT MACHINE | D2: DAY | E2: AGT, G3, CASCADIA, RICHARDSON, CARGILL, VITERRA PAC | F2: =VLOOKUP(D2,PAYRATES!$A$1:$D$5,2,FALSE) -> 53.17 | G2: =ROUND(F2*1.5,2) -> 79.76 | H2: 1.15 | I2: =G2+H2 -> 80.91 | J2: =F2+H2 -> 54.32 | K2: 7.5 | L2: 0.5 | M2: =(J2*K2)+(I2*L2) -> 447.855 | N2: 2024
A3: mon-fri night | B3: 1 , 2 , 3 , 4 , 5 | C3: =C$2 -> WHEAT SPECIALTY, WHEAT MACHINE | D3: NIGHT | E3: =E$2 -> AGT, G3, CASCADIA, RICHARDSON, CARGILL, VITERRA PAC | F3: =VLOOKUP(D3,PAYRATES!$A$1:$D$5,2,FALSE) -> 66.98 | G3: =ROUND(F3*1.5,2) -> 100.47 | H3: =H$2 -> 1.15 | I3: =G3+H3 -> 101.62 | J3: =F3+H3 -> 68.13 | K3: 7.5 | L3: 0.5 | M3: =(J3*K3)+(I3*L3) -> 561.785 | N3: 2024
A4: mon-fri gravy | B4: 1 , 2 , 3 , 4 , 5 | C4: =C$2 -> WHEAT SPECIALTY, WHEAT MACHINE | D4: GRAVEYARD | E4: =E$2 -> AGT, G3, CASCADIA, RICHARDSON, CARGILL, VITERRA PAC | F4: =VLOOKUP(D4,PAYRATES!$A$1:$D$5,2,FALSE) -> 82.73 | G4: =ROUND(F4*1.5,2) -> 124.1 | H4: =H$2 -> 1.15 | I4: =G4+H4 -> 125.25 | J4: =F4+H4 -> 83.88 | K4: 7.5 | L4: 0.5 | M4: =(J4*K4)+(I4*L4) -> 691.725 | N4: 2024
A5: Sat day | B5: 6 | C5: =C$2 -> WHEAT SPECIALTY, WHEAT MACHINE | D5: DAY | E5: =E$2 -> AGT, G3, CASCADIA, RICHARDSON, CARGILL, VITERRA PAC | F5: =VLOOKUP(D5,PAYRATES!$A$1:$D$5,3,FALSE) -> 68.06 | G5: =ROUND(F5*1.5,2) -> 102.09 | H5: =H$2 -> 1.15 | I5: =G5+H5 -> 103.24 | J5: =F5+H5 -> 69.21 | K5: 7.5 | L5: 0.5 | M5: =(J5*K5)+(I5*L5) -> 570.695 | N5: 2024
A6: Sat night | B6: 6 | C6: =C$2 -> WHEAT SPECIALTY, WHEAT MACHINE | D6: NIGHT | E6: =E$2 -> AGT, G3, CASCADIA, RICHARDSON, CARGILL, VITERRA PAC | F6: =VLOOKUP(D6,PAYRATES!$A$1:$D$5,3,FALSE) -> 85.07 | G6: =ROUND(F6*1.5,2) -> 127.61 | H6: =H$2 -> 1.15 | I6: =G6+H6 -> 128.76 | J6: =F6+H6 -> 86.22 | K6: 7.5 | L6: 0.5 | M6: =(J6*K6)+(I6*L6) -> 711.03 | N6: 2024
A7: Sat gravy | B7: 6 | C7: =C$2 -> WHEAT SPECIALTY, WHEAT MACHINE | D7: GRAVEYARD | E7: =E$2 -> AGT, G3, CASCADIA, RICHARDSON, CARGILL, VITERRA PAC | F7: =VLOOKUP(D7,PAYRATES!$A$1:$D$5,3,FALSE) -> 85.07 | G7: =ROUND(F7*1.5,2) -> 127.61 | H7: =H$2 -> 1.15 | I7: =G7+H7 -> 128.76 | J7: =F7+H7 -> 86.22 | K7: 7.5 | L7: 0.5 | M7: =(J7*K7)+(I7*L7) -> 711.03 | N7: 2024
A8: Sun day | B8: 0 | C8: =C$2 -> WHEAT SPECIALTY, WHEAT MACHINE | D8: DAY | E8: =E$2 -> AGT, G3, CASCADIA, RICHARDSON, CARGILL, VITERRA PAC | F8: =VLOOKUP(D8,PAYRATES!$A$1:$D$5,4,FALSE) -> 85.07 | G8: =ROUND(F8*1.5,2) -> 127.61 | H8: =H$2 -> 1.15 | I8: =G8+H8 -> 128.76 | J8: =F8+H8 -> 86.22 | K8: 7.5 | L8: 0.5 | M8: =(J8*K8)+(I8*L8) -> 711.03 | N8: 2024
A9: Sun night | B9: 0 | C9: =C$2 -> WHEAT SPECIALTY, WHEAT MACHINE | D9: NIGHT | E9: =E$2 -> AGT, G3, CASCADIA, RICHARDSON, CARGILL, VITERRA PAC | F9: =VLOOKUP(D9,PAYRATES!$A$1:$D$5,4,FALSE) -> 85.07 | G9: =ROUND(F9*1.5,2) -> 127.61 | H9: =H$2 -> 1.15 | I9: =G9+H9 -> 128.76 | J9: =F9+H9 -> 86.22 | K9: 7.5 | L9: 0.5 | M9: =(J9*K9)+(I9*L9) -> 711.03 | N9: 2024
A10: Sun gravy | B10: 0 | C10: =C$2 -> WHEAT SPECIALTY, WHEAT MACHINE | D10: GRAVEYARD | E10: =E$2 -> AGT, G3, CASCADIA, RICHARDSON, CARGILL, VITERRA PAC | F10: =VLOOKUP(D10,PAYRATES!$A$1:$D$5,4,FALSE) -> 85.07 | G10: =ROUND(F10*1.5,2) -> 127.61 | H10: =H$2 -> 1.15 | I10: =G10+H10 -> 128.76 | J10: =F10+H10 -> 86.22 | K10: 7.5 | L10: 0.5 | M10: =(J10*K10)+(I10*L10) -> 711.03 | N10: 2024

Sheet TRACTOR TRAILER
B1: DAYOFWEEK | C1: JOBS | D1: SHIFT | E1: SUBJOB | F1: LOCATION | G1: STDREG | H1: STDOT | I1: DIFFERENTIAL | J1: OTRATE | K1: REGRATE | L1: REGHRS | M1: OTHRS | N1: PAY | O1: YEAR
A2: mon-fri day | B2: 1 , 2 , 3 , 4 , 5 | C2: TRACTOR TRAILER | D2: DAY | E2: RAIL, SHIP | F2: CENTENNIAL | G2: =VLOOKUP(D2,PAYRATES!$A$1:$D$5,2,FALSE) -> 53.17 | H2: =ROUND(G2*1.5,2) -> 79.76 | I2: 0.65 | J2: =H2+I2 -> 80.41 | K2: =G2+I2 -> 53.82 | L2: 9 | M2: 0 | N2: =(K2*L2)+(J2*M2) -> 484.38 | O2: 2024
A3: mon-fri night | B3: 1 , 2 , 3 , 4 , 5 | C3: =C$2 -> TRACTOR TRAILER | D3: NIGHT | E3: =E$2 -> RAIL, SHIP | F3: =F$2 -> CENTENNIAL | G3: =VLOOKUP(D3,PAYRATES!$A$1:$D$5,2,FALSE) -> 66.98 | H3: =ROUND(G3*1.5,2) -> 100.47 | I3: =I$2 -> 0.65 | J3: =H3+I3 -> 101.12 | K3: =G3+I3 -> 67.63 | L3: 9 | M3: 0 | N3: =(K3*L3)+(J3*M3) -> 608.67 | O3: 2024
A4: mon-fri gravy | B4: 1 , 2 , 3 , 4 , 5 | C4: =C$2 -> TRACTOR TRAILER | D4: GRAVEYARD | E4: =E$2 -> RAIL, SHIP | F4: =F$2 -> CENTENNIAL | G4: =VLOOKUP(D4,PAYRATES!$A$1:$D$5,2,FALSE) -> 82.73 | H4: =ROUND(G4*1.5,2) -> 124.1 | I4: =I$2 -> 0.65 | J4: =H4+I4 -> 124.75 | K4: =G4+I4 -> 83.38 | L4: 7.5 | M4: 0 | N4: =(K4*L4)+(J4*M4) -> 625.35 | O4: 2024
A5: Sat day | B5: 6 | C5: =C$2 -> TRACTOR TRAILER | D5: DAY | E5: =E$2 -> RAIL, SHIP | F5: =F$2 -> CENTENNIAL | G5: =VLOOKUP(D5,PAYRATES!$A$1:$D$5,3,FALSE) -> 68.06 | H5: =ROUND(G5*1.5,2) -> 102.09 | I5: =I$2 -> 0.65 | J5: =H5+I5 -> 102.74 | K5: =G5+I5 -> 68.71 | L5: 9 | M5: 0 | N5: =(K5*L5)+(J5*M5) -> 618.39 | O5: 2024
A6: Sat night | B6: 6 | C6: =C$2 -> TRACTOR TRAILER | D6: NIGHT | E6: =E$2 -> RAIL, SHIP | F6: =F$2 -> CENTENNIAL | G6: =VLOOKUP(D6,PAYRATES!$A$1:$D$5,3,FALSE) -> 85.07 | H6: =ROUND(G6*1.5,2) -> 127.61 | I6: =I$2 -> 0.65 | J6: =H6+I6 -> 128.26 | K6: =G6+I6 -> 85.72 | L6: 9 | M6: 0 | N6: =(K6*L6)+(J6*M6) -> 771.48 | O6: 2024
A7: Sat gravy | B7: 6 | C7: =C$2 -> TRACTOR TRAILER | D7: GRAVEYARD | E7: =E$2 -> RAIL, SHIP | F7: =F$2 -> CENTENNIAL | G7: =VLOOKUP(D7,PAYRATES!$A$1:$D$5,3,FALSE) -> 85.07 | H7: =ROUND(G7*1.5,2) -> 127.61 | I7: =I$2 -> 0.65 | J7: =H7+I7 -> 128.26 | K7: =G7+I7 -> 85.72 | L7: =L$4 -> 7.5 | M7: 0 | N7: =(K7*L7)+(J7*M7) -> 642.9 | O7: 2024
A8: Sun day | B8: 0 | C8: =C$2 -> TRACTOR TRAILER | D8: DAY | E8: =E$2 -> RAIL, SHIP | F8: =F$2 -> CENTENNIAL | G8: =VLOOKUP(D8,PAYRATES!$A$1:$D$5,4,FALSE) -> 85.07 | H8: =ROUND(G8*1.5,2) -> 127.61 | I8: =I$2 -> 0.65 | J8: =H8+I8 -> 128.26 | K8: =G8+I8 -> 85.72 | L8: 9 | M8: 0 | N8: =(K8*L8)+(J8*M8) -> 771.48 | O8: 2024
A9: Sun night | B9: 0 | C9: =C$2 -> TRACTOR TRAILER | D9: NIGHT | E9: =E$2 -> RAIL, SHIP | F9: =F$2 -> CENTENNIAL | G9: =VLOOKUP(D9,PAYRATES!$A$1:$D$5,4,FALSE) -> 85.07 | H9: =ROUND(G9*1.5,2) -> 127.61 | I9: =I$2 -> 0.65 | J9: =H9+I9 -> 128.26 | K9: =G9+I9 -> 85.72 | L9: 9 | M9: 0 | N9: =(K9*L9)+(J9*M9) -> 771.48 | O9: 2024
A10: Sun gravy | B10: 0 | C10: =C$2 -> TRACTOR TRAILER | D10: GRAVEYARD | E10: =E$2 -> RAIL, SHIP | F10: =F$2 -> CENTENNIAL | G10: =VLOOKUP(D10,PAYRATES!$A$1:$D$5,4,FALSE) -> 85.07 | H10: =ROUND(G10*1.5,2) -> 127.61 | I10: =I$2 -> 0.65 | J10: =H10+I10 -> 128.26 | K10: =G10+I10 -> 85.72 | L10: =L$4 -> 7.5 | M10: 0 | N10: =(K10*L10)+(J10*M10) -> 642.9 | O10: 2024
A11: mon-fri day | B11: 1 , 2 , 3 , 4 , 5 | C11: =C$2 -> TRACTOR TRAILER | D11: DAY | E11: BARGE, YARD | F11: CENTENNIAL, VANTERM | G11: =VLOOKUP(D11,PAYRATES!$A$1:$D$5,2,FALSE) -> 53.17 | H11: =ROUND(G11*1.5,2) -> 79.76 | I11: =I$2 -> 0.65 | J11: =H11+I11 -> 80.41 | K11: =G11+I11 -> 53.82 | L11: 8 | M11: 0 | N11: =(K11*L11)+(J11*M11) -> 430.56 | O11: 2024
A12: mon-fri night | B12: 1 , 2 , 3 , 4 , 5 | C12: =C$2 -> TRACTOR TRAILER | D12: NIGHT | E12: BARGE, YARD | F12: =F$11 -> CENTENNIAL, VANTERM | G12: =VLOOKUP(D12,PAYRATES!$A$1:$D$5,2,FALSE) -> 66.98 | H12: =ROUND(G12*1.5,2) -> 100.47 | I12: =I$2 -> 0.65 | J12: =H12+I12 -> 101.12 | K12: =G12+I12 -> 67.63 | L12: 8 | M12: 0 | N12: =(K12*L12)+(J12*M12) -> 541.04 | O12: 2024
A13: mon-fri gravy | B13: 1 , 2 , 3 , 4 , 5 | C13: =C$2 -> TRACTOR TRAILER | D13: GRAVEYARD | E13: BARGE, YARD | F13: =F$11 -> CENTENNIAL, VANTERM | G13: =VLOOKUP(D13,PAYRATES!$A$1:$D$5,2,FALSE) -> 82.73 | H13: =ROUND(G13*1.5,2) -> 124.1 | I13: =I$2 -> 0.65 | J13: =H13+I13 -> 124.75 | K13: =G13+I13 -> 83.38 | L13: 6.5 | M13: 0 | N13: =(K13*L13)+(J13*M13) -> 541.97 | O13: 2024
A14: Sat day | B14: 6 | C14: =C$2 -> TRACTOR TRAILER | D14: DAY | E14: BARGE, YARD | F14: =F$11 -> CENTENNIAL, VANTERM | G14: =VLOOKUP(D14,PAYRATES!$A$1:$D$5,3,FALSE) -> 68.06 | H14: =ROUND(G14*1.5,2) -> 102.09 | I14: =I$2 -> 0.65 | J14: =H14+I14 -> 102.74 | K14: =G14+I14 -> 68.71 | L14: 8 | M14: 0 | N14: =(K14*L14)+(J14*M14) -> 549.68 | O14: 2024
A15: Sat night | B15: 6 | C15: =C$2 -> TRACTOR TRAILER | D15: NIGHT | E15: BARGE, YARD | F15: =F$11 -> CENTENNIAL, VANTERM | G15: =VLOOKUP(D15,PAYRATES!$A$1:$D$5,3,FALSE) -> 85.07 | H15: =ROUND(G15*1.5,2) -> 127.61 | I15: =I$2 -> 0.65 | J15: =H15+I15 -> 128.26 | K15: =G15+I15 -> 85.72 | L15: 8 | M15: 0 | N15: =(K15*L15)+(J15*M15) -> 685.76 | O15: 2024
A16: Sat gravy | B16: 6 | C16: =C$2 -> TRACTOR TRAILER | D16: GRAVEYARD | E16: BARGE, YARD | F16: =F$11 -> CENTENNIAL, VANTERM | G16: =VLOOKUP(D16,PAYRATES!$A$1:$D$5,3,FALSE) -> 85.07 | H16: =ROUND(G16*1.5,2) -> 127.61 | I16: =I$2 -> 0.65 | J16: =H16+I16 -> 128.26 | K16: =G16+I16 -> 85.72 | L16: 6.5 | M16: 0 | N16: =(K16*L16)+(J16*M16) -> 557.18 | O16: 2024
A17: Sun day | B17: 0 | C17: =C$2 -> TRACTOR TRAILER | D17: DAY | E17: BARGE, YARD | F17: =F$11 -> CENTENNIAL, VANTERM | G17: =VLOOKUP(D17,PAYRATES!$A$1:$D$5,4,FALSE) -> 85.07 | H17: =ROUND(G17*1.5,2) -> 127.61 | I17: =I$2 -> 0.65 | J17: =H17+I17 -> 128.26 | K17: =G17+I17 -> 85.72 | L17: 8 | M17: 0 | N17: =(K17*L17)+(J17*M17) -> 685.76 | O17: 2024
A18: Sun night | B18: 0 | C18: =C$2 -> TRACTOR TRAILER | D18: NIGHT | E18: BARGE, YARD | F18: =F$11 -> CENTENNIAL, VANTERM | G18: =VLOOKUP(D18,PAYRATES!$A$1:$D$5,4,FALSE) -> 85.07 | H18: =ROUND(G18*1.5,2) -> 127.61 | I18: =I$2 -> 0.65 | J18: =H18+I18 -> 128.26 | K18: =G18+I18 -> 85.72 | L18: 8 | M18: 0 | N18: =(K18*L18)+(J18*M18) -> 685.76 | O18: 2024
A19: Sun gravy | B19: 0 | C19: =C$2 -> TRACTOR TRAILER | D19: GRAVEYARD | E19: BARGE, YARD | F19: =F$11 -> CENTENNIAL, VANTERM | G19: =VLOOKUP(D19,PAYRATES!$A$1:$D$5,4,FALSE) -> 85.07 | H19: =ROUND(G19*1.5,2) -> 127.61 | I19: =I$2 -> 0.65 | J19: =H19+I19 -> 128.26 | K19: =G19+I19 -> 85.72 | L19: 6.5 | M19: 0 | N19: =(K19*L19)+(J19*M19) -> 557.18 | O19: 2024
A20: mon-fri day | B20: 1 , 2 , 3 , 4 , 5 | C20: =C$2 -> TRACTOR TRAILER | D20: DAY | E20: SHIP | F20: VANTERM | G20: =VLOOKUP(D20,PAYRATES!$A$1:$D$5,2,FALSE) -> 53.17 | H20: =ROUND(G20*1.5,2) -> 79.76 | I20: =I$2 -> 0.65 | J20: =H20+I20 -> 80.41 | K20: =G20+I20 -> 53.82 | L20: 8 | M20: 0 | N20: =(K20*L20)+(J20*M20) -> 430.56 | O20: 2024
A21: mon-fri night | B21: 1 , 2 , 3 , 4 , 5 | C21: =C$2 -> TRACTOR TRAILER | D21: NIGHT | E21: =E$20 -> SHIP | F21: =F$20 -> VANTERM | G21: =VLOOKUP(D21,PAYRATES!$A$1:$D$5,2,FALSE) -> 66.98 | H21: =ROUND(G21*1.5,2) -> 100.47 | I21: =I$2 -> 0.65 | J21: =H21+I21 -> 101.12 | K21: =G21+I21 -> 67.63 | L21: =L$20 -> 8 | M21: 0 | N21: =(K21*L21)+(J21*M21) -> 541.04 | O21: 2024
A22: mon-fri gravy | B22: 1 , 2 , 3 , 4 , 5 | C22: =C$2 -> TRACTOR TRAILER | D22: GRAVEYARD | E22: =E$20 -> SHIP | F22: =F$20 -> VANTERM | G22: =VLOOKUP(D22,PAYRATES!$A$1:$D$5,2,FALSE) -> 82.73 | H22: =ROUND(G22*1.5,2) -> 124.1 | I22: =I$2 -> 0.65 | J22: =H22+I22 -> 124.75 | K22: =G22+I22 -> 83.38 | L22: 6.5 | M22: 0 | N22: =(K22*L22)+(J22*M22) -> 541.97 | O22: 2024
A23: Sat day | B23: 6 | C23: =C$2 -> TRACTOR TRAILER | D23: DAY | E23: =E$20 -> SHIP | F23: =F$20 -> VANTERM | G23: =VLOOKUP(D23,PAYRATES!$A$1:$D$5,3,FALSE) -> 68.06 | H23: =ROUND(G23*1.5,2) -> 102.09 | I23: =I$2 -> 0.65 | J23: =H23+I23 -> 102.74 | K23: =G23+I23 -> 68.71 | L23: =L$20 -> 8 | M23: 0 | N23: =(K23*L23)+(J23*M23) -> 549.68 | O23: 2024
A24: Sat night | B24: 6 | C24: =C$2 -> TRACTOR TRAILER | D24: NIGHT | E24: =E$20 -> SHIP | F24: =F$20 -> VANTERM | G24: =VLOOKUP(D24,PAYRATES!$A$1:$D$5,3,FALSE) -> 85.07 | H24: =ROUND(G24*1.5,2) -> 127.61 | I24: =I$2 -> 0.65 | J24: =H24+I24 -> 128.26 | K24: =G24+I24 -> 85.72 | L24: =L$20 -> 8 | M24: 0 | N24: =(K24*L24)+(J24*M24) -> 685.76 | O24: 2024
A25: Sat gravy | B25: 6 | C25: =C$2 -> TRACTOR TRAILER | D25: GRAVEYARD | E25: =E$20 -> SHIP | F25: =F$20 -> VANTERM | G25: =VLOOKUP(D25,PAYRATES!$A$1:$D$5,3,FALSE) -> 85.07 | H25: =ROUND(G25*1.5,2) -> 127.61 | I25: =I$2 -> 0.65 | J25: =H25+I25 -> 128.26 | K25: =G25+I25 -> 85.72 | L25: =L22 -> 6.5 | M25: 0 | N25: =(K25*L25)+(J25*M25) -> 557.18 | O25: 2024
A26: Sun day | B26: 0 | C26: =C$2 -> TRACTOR TRAILER | D26: DAY | E26: =E$20 -> SHIP | F26: =F$20 -> VANTERM | G26: =VLOOKUP(D26,PAYRATES!$A$1:$D$5,4,FALSE) -> 85.07 | H26: =ROUND(G26*1.5,2) -> 127.61 | I26: =I$2 -> 0.65 | J26: =H26+I26 -> 128.26 | K26: =G26+I26 -> 85.72 | L26: =L$20 -> 8 | M26: 0 | N26: =(K26*L26)+(J26*M26) -> 685.76 | O26: 2024
A27: Sun night | B27: 0 | C27: =C$2 -> TRACTOR TRAILER | D27: NIGHT | E27: =E$20 -> SHIP | F27: =F$20 -> VANTERM | G27: =VLOOKUP(D27,PAYRATES!$A$1:$D$5,4,FALSE) -> 85.07 | H27: =ROUND(G27*1.5,2) -> 127.61 | I27: =I$2 -> 0.65 | J27: =H27+I27 -> 128.26 | K27: =G27+I27 -> 85.72 | L27: =L$20 -> 8 | M27: 0 | N27: =(K27*L27)+(J27*M27) -> 685.76 | O27: 2024
A28: Sun gravy | B28: 0 | C28: =C$2 -> TRACTOR TRAILER | D28: GRAVEYARD | E28: =E$20 -> SHIP | F28: =F$20 -> VANTERM | G28: =VLOOKUP(D28,PAYRATES!$A$1:$D$5,4,FALSE) -> 85.07 | H28: =ROUND(G28*1.5,2) -> 127.61 | I28: =I$2 -> 0.65 | J28: =H28+I28 -> 128.26 | K28: =G28+I28 -> 85.72 | L28: =L22 -> 6.5 | M28: 0 | N28: =(K28*L28)+(J28*M28) -> 557.18 | O28: 2024

Sheet HEAD CHECKER
B1: DAYOFWEEK | C1: JOBS | D1: SUBJOB | E1: SHIFT | F1: LOCATION | G1: STDREG | H1: STDOT | I1: DIFFERENTIAL | J1: OTRATE | K1: REGRATE | L1: REGHRS | M1: OTHRS | N1: PAY | O1: YEAR | P1: eff_end | Q1: eff_start
A2: mon-fri day | B2: 1 , 2 , 3 , 4 , 5 | C2: HEAD CHECKER | E2: DAY | F2: CENTENNIAL, VANTERM, DELTAPORT, FRASER SURREY | G2: =VLOOKUP(E2,PAYRATES!$A$1:$D$5,2,FALSE) -> 53.17 | H2: =ROUND(G2*1.5,2) -> 79.76 | I2: 0 | J2: =H2+I2 -> 79.76 | K2: =G2+I2 -> 53.17 | L2: 8 | M2: 0 | N2: =(K2*L2)+(J2*M2) -> 425.36 | O2: 2024 | P2: 46113 | Q2: 45748
A3: mon-fri night | B3: 1 , 2 , 3 , 4 , 5 | C3: =C$2 -> HEAD CHECKER | E3: NIGHT | F3: =F$2 -> CENTENNIAL, VANTERM, DELTAPORT, FRASER SURREY | G3: =VLOOKUP(E3,PAYRATES!$A$1:$D$5,2,FALSE) -> 66.98 | H3: =ROUND(G3*1.5,2) -> 100.47 | I3: =I$2 -> 0 | J3: =H3+I3 -> 100.47 | K3: =G3+I3 -> 66.98 | L3: =L$2 -> 8 | M3: 0 | N3: =(K3*L3)+(J3*M3) -> 535.84 | O3: 2024 | P3: 46113 | Q3: 45748
A4: mon-fri gravy | B4: 1 , 2 , 3 , 4 , 5 | C4: =C$2 -> HEAD CHECKER | E4: GRAVEYARD | F4: =F$2 -> CENTENNIAL, VANTERM, DELTAPORT, FRASER SURREY | G4: =VLOOKUP(E4,PAYRATES!$A$1:$D$5,2,FALSE) -> 82.73 | H4: =ROUND(G4*1.5,2) -> 124.1 | I4: =I$2 -> 0 | J4: =H4+I4 -> 124.1 | K4: =G4+I4 -> 82.73 | L4: 6.5 | M4: 0 | N4: =(K4*L4)+(J4*M4) -> 537.745 | O4: 2024 | P4: 46113 | Q4: 45748
P5: 46113 | Q5: 45748
A6: Sat day | B6: 6 | C6: =C$2 -> HEAD CHECKER | E6: DAY | F6: =F$2 -> CENTENNIAL, VANTERM, DELTAPORT, FRASER SURREY | G6: =VLOOKUP(E6,PAYRATES!$A$1:$D$5,3,FALSE) -> 68.06 | H6: =ROUND(G6*1.5,2) -> 102.09 | I6: =I$2 -> 0 | J6: =H6+I6 -> 102.09 | K6: =G6+I6 -> 68.06 | L6: =L$2 -> 8 | M6: 0 | N6: =(K6*L6)+(J6*M6) -> 544.48 | O6: 2024 | P6: 46113 | Q6: 45748
A7: Sat night | B7: 6 | C7: =C$2 -> HEAD CHECKER | E7: NIGHT | F7: =F$2 -> CENTENNIAL, VANTERM, DELTAPORT, FRASER SURREY | G7: =VLOOKUP(E7,PAYRATES!$A$1:$D$5,3,FALSE) -> 85.07 | H7: =ROUND(G7*1.5,2) -> 127.61 | I7: =I$2 -> 0 | J7: =H7+I7 -> 127.61 | K7: =G7+I7 -> 85.07 | L7: =L$2 -> 8 | M7: 0 | N7: =(K7*L7)+(J7*M7) -> 680.56 | O7: 2024 | P7: 46113 | Q7: 45748
A8: Sat gravy | B8: 6 | C8: =C$2 -> HEAD CHECKER | E8: GRAVEYARD | F8: =F$2 -> CENTENNIAL, VANTERM, DELTAPORT, FRASER SURREY | G8: =VLOOKUP(E8,PAYRATES!$A$1:$D$5,3,FALSE) -> 85.07 | H8: =ROUND(G8*1.5,2) -> 127.61 | I8: =I$2 -> 0 | J8: =H8+I8 -> 127.61 | K8: =G8+I8 -> 85.07 | L8: 6.5 | M8: 0 | N8: =(K8*L8)+(J8*M8) -> 552.955 | O8: 2024 | P8: 46113 | Q8: 45748
P9: 46113 | Q9: 45748
A10: Sun day | B10: 0 | C10: =C$2 -> HEAD CHECKER | E10: DAY | F10: =F$2 -> CENTENNIAL, VANTERM, DELTAPORT, FRASER SURREY | G10: =VLOOKUP(E10,PAYRATES!$A$1:$D$5,4,FALSE) -> 85.07 | H10: =ROUND(G10*1.5,2) -> 127.61 | I10: =I$2 -> 0 | J10: =H10+I10 -> 127.61 | K10: =G10+I10 -> 85.07 | L10: =L$2 -> 8 | M10: 0 | N10: =(K10*L10)+(J10*M10) -> 680.56 | O10: 2024 | P10: 46113 | Q10: 45748
A11: Sun night | B11: 0 | C11: =C$2 -> HEAD CHECKER | E11: NIGHT | F11: =F$2 -> CENTENNIAL, VANTERM, DELTAPORT, FRASER SURREY | G11: =VLOOKUP(E11,PAYRATES!$A$1:$D$5,4,FALSE) -> 85.07 | H11: =ROUND(G11*1.5,2) -> 127.61 | I11: =I$2 -> 0 | J11: =H11+I11 -> 127.61 | K11: =G11+I11 -> 85.07 | L11: =L$2 -> 8 | M11: 0 | N11: =(K11*L11)+(J11*M11) -> 680.56 | O11: 2024 | P11: 46113 | Q11: 45748
A12: Sun gravy | B12: 0 | C12: =C$2 -> HEAD CHECKER | E12: GRAVEYARD | F12: =F$2 -> CENTENNIAL, VANTERM, DELTAPORT, FRASER SURREY | G12: =VLOOKUP(E12,PAYRATES!$A$1:$D$5,4,FALSE) -> 85.07 | H12: =ROUND(G12*1.5,2) -> 127.61 | I12: =I$2 -> 0 | J12: =H12+I12 -> 127.61 | K12: =G12+I12 -> 85.07 | L12: 6.5 | M12: 0 | N12: =(K12*L12)+(J12*M12) -> 552.955 | O12: 2024 | P12: 46113 | Q12: 45748

Sheet Sheet1
A3: JOB | B3: DAYOFWEEK | C3: SHIFT | D3: LOCATION | E3: SUBJOB | F3: REG | G3: OT
A4: HEADCHECKER | B4: 1, 2, 3, 4, 5 | C4: DAY | D4: VANTERM | E4: INGATE, OUTGATE, CANOPY, GOPHER, RAIL, PENTHOUSE, REEFER | F4: 8 | G4: 2
A5: HEADCHECKER | B5: 1, 2, 3, 4, 5 | C5: DAY | D5: VANTERM | E5: TOWER | F5: 8 | G5: 1
A7: HEADCHECKER | B7: 1, 2, 3, 4, 5 | C7: NIGHT | D7: VANTERM | E7: INGATE, OUTGATE, CANOPY | F7: 8 | G7: 1.5
A8: HEADCHECKER | B8: 1, 2, 3, 4, 5 | C8: NIGHT | D8: VANTERM | E8: PENTHOUSE | F8: 8 | G8: 2
A9: HEADCHECKER | B9: 1, 2, 3, 4, 5 | C9: NIGHT | D9: VANTERM | E9: GOPHER, RAIL, REEFER | F9: 8 | G9: 1
A10: HEADCHECKER | B10: 1, 2, 3, 4, 5 | C10: NIGHT | D10: VANTERM | E10: TOWER | F10: 8 | G10: 0.5
A12: HEADCHECKER | B12: 0, 1, 2, 3, 4, 5, 6 | C12: GRAVEYARD | D12: VANTERM | E12: PENTHOUSE | F12: 6.5 | G12: 2
A13: HEADCHECKER | B13: 0, 1, 2, 3, 4, 5, 6 | C13: GRAVEYARD | D13: VANTERM | E13: GOPHER, RAIL, REEFER | F13: 6.5 | G13: 1
A14: HEADCHECKER | B14: 0, 1, 2, 3, 4, 5, 6 | C14: GRAVEYARD | D14: VANTERM | E14: TOWER | F14: 6.5 | G14: 0.5
A16: HEADCHECKER | B16: 0, 6 | C16: DAY | D16: VANTERM | E16: TOWER | F16: 8 | G16: 0.5
A17: HEADCHECKER | B17: 0, 6 | C17: DAY | D17: VANTERM | E17: GOPHER, REEFER, RAIL | F17: 8 | G17: 1
A18: HEADCHECKER | B18: 0, 6 | C18: DAY | D18: VANTERM | E18: INGATE, OUTGATE, CANOPY | F18: 8 | G18: 1.5
... A38: HEADCHECKER | B38: 0, 1, 2, 3, 4, 5, 6 | C38: GRAVEYARD | D38: CENTERM | E38: RAL, GOPHER - RP | F38: 7.5 | G38: 1

Sheet LABOUR
A1: L

Sheet BUNNYBUS
B1: DAYOFWEEK | C1: JOBS | D1: SHIFT | E1: LOCATION | F1: STDREG | G1: STDOT | H1: DIFFERENTIAL | I1: OTRATE | J1: REGRATE | K1: REGHRS | L1: OTHRS | M1: PAY | N1: YEAR | O1: eff_end | P1: eff_start
A2: mon-fri day | B2: 1 , 2 , 3 , 4 , 5 | C2: BUNNY BUS | D2: DAY | E2: CENTENNIAL, VANTERM, DELTAPORT, FRASER SURREY | F2: =VLOOKUP(D2,PAYRATES!$A$1:$D$5,2,FALSE) -> 53.17 | G2: =ROUND(F2*1.5,2) -> 79.76 | H2: 0 | I2: =G2+H2 -> 79.76 | J2: =F2+H2 -> 53.17 | K2: 8 | L2: 0 | M2: =(J2*K2)+(I2*L2) -> 425.36 | N2: 2024 | O2: 46113 | P2: 45748
A3: mon-fri night | B3: 1 , 2 , 3 , 4 , 5 | C3: =C$2 -> BUNNY BUS | D3: NIGHT | E3: =E$2 -> CENTENNIAL, VANTERM, DELTAPORT, FRASER SURREY | F3: =VLOOKUP(D3,PAYRATES!$A$1:$D$5,2,FALSE) -> 66.98 | G3: =ROUND(F3*1.5,2) -> 100.47 | H3: =H$2 -> 0 | I3: =G3+H3 -> 100.47 | J3: =F3+H3 -> 66.98 | K3: =K$2 -> 8 | L3: 0 | M3: =(J3*K3)+(I3*L3) -> 535.84 | N3: 2024 | O3: 46113 | P3: 45748
A4: mon-fri gravy | B4: 1 , 2 , 3 , 4 , 5 | C4: =C$2 -> BUNNY BUS | D4: GRAVEYARD | E4: =E$2 -> CENTENNIAL, VANTERM, DELTAPORT, FRASER SURREY | F4: =VLOOKUP(D4,PAYRATES!$A$1:$D$5,2,FALSE) -> 82.73 | G4: =ROUND(F4*1.5,2) -> 124.1 | H4: =H$2 -> 0 | I4: =G4+H4 -> 124.1 | J4: =F4+H4 -> 82.73 | K4: 6.5 | L4: 0 | M4: =(J4*K4)+(I4*L4) -> 537.745 | N4: 2024 | O4: 46113 | P4: 45748
O5: 46113 | P5: 45748
A6: Sat day | B6: 6 | C6: =C$2 -> BUNNY BUS | D6: DAY | E6: =E$2 -> CENTENNIAL, VANTERM, DELTAPORT, FRASER SURREY | F6: =VLOOKUP(D6,PAYRATES!$A$1:$D$5,3,FALSE) -> 68.06 | G6: =ROUND(F6*1.5,2) -> 102.09 | H6: =H$2 -> 0 | I6: =G6+H6 -> 102.09 | J6: =F6+H6 -> 68.06 | K6: =K$2 -> 8 | L6: 0 | M6: =(J6*K6)+(I6*L6) -> 544.48 | N6: 2024 | O6: 46113 | P6: 45748
A7: Sat night | B7: 6 | C7: =C$2 -> BUNNY BUS | D7: NIGHT | E7: =E$2 -> CENTENNIAL, VANTERM, DELTAPORT, FRASER SURREY | F7: =VLOOKUP(D7,PAYRATES!$A$1:$D$5,3,FALSE) -> 85.07 | G7: =ROUND(F7*1.5,2) -> 127.61 | H7: =H$2 -> 0 | I7: =G7+H7 -> 127.61 | J7: =F7+H7 -> 85.07 | K7: =K$2 -> 8 | L7: 0 | M7: =(J7*K7)+(I7*L7) -> 680.56 | N7: 2024 | O7: 46113 | P7: 45748
A8: Sat gravy | B8: 6 | C8: =C$2 -> BUNNY BUS | D8: GRAVEYARD | E8: =E$2 -> CENTENNIAL, VANTERM, DELTAPORT, FRASER SURREY | F8: =VLOOKUP(D8,PAYRATES!$A$1:$D$5,3,FALSE) -> 85.07 | G8: =ROUND(F8*1.5,2) -> 127.61 | H8: =H$2 -> 0 | I8: =G8+H8 -> 127.61 | J8: =F8+H8 -> 85.07 | K8: 6.5 | L8: 0 | M8: =(J8*K8)+(I8*L8) -> 552.955 | N8: 2024 | O8: 46113 | P8: 45748
O9: 46113 | P9: 45748
A10: Sun day | B10: 0 | C10: =C$2 -> BUNNY BUS | D10: DAY | E10: =E$2 -> CENTENNIAL, VANTERM, DELTAPORT, FRASER SURREY | F10: =VLOOKUP(D10,PAYRATES!$A$1:$D$5,4,FALSE) -> 85.07 | G10: =ROUND(F10*1.5,2) -> 127.61 | H10: =H$2 -> 0 | I10: =G10+H10 -> 127.61 | J10: =F10+H10 -> 85.07 | K10: =K$2 -> 8 | L10: 0 | M10: =(J10*K10)+(I10*L10) -> 680.56 | N10: 2024 | O10: 46113 | P10: 45748
A11: Sun night | B11: 0 | C11: =C$2 -> BUNNY BUS | D11: NIGHT | E11: =E$2 -> CENTENNIAL, VANTERM, DELTAPORT, FRASER SURREY | F11: =VLOOKUP(D11,PAYRATES!$A$1:$D$5,4,FALSE) -> 85.07 | G11: =ROUND(F11*1.5,2) -> 127.61 | H11: =H$2 -> 0 | I11: =G11+H11 -> 127.61 | J11: =F11+H11 -> 85.07 | K11: =K$2 -> 8 | L11: 0 | M11: =(J11*K11)+(I11*L11) -> 680.56 | N11: 2024 | O11: 46113 | P11: 45748
A12: Sun gravy | B12: 0 | C12: =C$2 -> BUNNY BUS | D12: GRAVEYARD | E12: =E$2 -> CENTENNIAL, VANTERM, DELTAPORT, FRASER SURREY | F12: =VLOOKUP(D12,PAYRATES!$A$1:$D$5,4,FALSE) -> 85.07 | G12: =ROUND(F12*1.5,2) -> 127.61 | H12: =H$2 -> 0 | I12: =G12+H12 -> 127.61 | J12: =F12+H12 -> 85.07 | K12: 6.5 | L12: 0 | M12: =(J12*K12)+(I12*L12) -> 552.955 | N12: 2024 | O12: 46113 | P12: 45748

Sheet RTG
B1: DAYOFWEEK | C1: JOBS | D1: SHIFT | E1: LOCATION | F1: STDREG | G1: STDOT | H1: DIFFERENTIAL | I1: OTRATE | J1: REGRATE | K1: REGHRS | L1: OTHRS | M1: PAY | N1: YEAR
A2: mon-fri day | B2: 1 , 2 , 3 , 4 , 5 | C2: RUBBER TIRE GANTRY | D2: DAY | E2: CENTENNIAL, VANTERM, DELTAPORT, FRASER SURREY | F2: =VLOOKUP(D2,PAYRATES!$A$1:$D$5,2,FALSE) -> 53.17 | G2: =ROUND(F2*1.5,2) -> 79.76 | H2: 1 | I2: =G2+H2 -> 80.76 | J2: =F2+H2 -> 54.17 | K2: 8 | L2: 1 | M2: =(J2*K2)+(I2*L2) -> 514.12 | N2: 2024
A3: mon-fri night | B3: 1 , 2 , 3 , 4 , 5 | C3: =C$2 -> RUBBER TIRE GANTRY | D3: NIGHT | E3: =E$2 -> CENTENNIAL, VANTERM, DELTAPORT, FRASER SURREY | F3: =VLOOKUP(D3,PAYRATES!$A$1:$D$5,2,FALSE) -> 66.98 | G3: =ROUND(F3*1.5,2) -> 100.47 | H3: =H$2 -> 1 | I3: =G3+H3 -> 101.47 | J3: =F3+H3 -> 67.98 | K3: =K$2 -> 8 | L3: 0 | M3: =(J3*K3)+(I3*L3) -> 543.84 | N3: 2024
A4: mon-fri gravy | B4: 1 , 2 , 3 , 4 , 5 | C4: =C$2 -> RUBBER TIRE GANTRY | D4: GRAVEYARD | E4: =E$2 -> CENTENNIAL, VANTERM, DELTAPORT, FRASER SURREY | F4: =VLOOKUP(D4,PAYRATES!$A$1:$D$5,2,FALSE) -> 82.73 | G4: =ROUND(F4*1.5,2) -> 124.1 | H4: =H$2 -> 1 | I4: =G4+H4 -> 125.1 | J4: =F4+H4 -> 83.73 | K4: 6.5 | L4: 0 | M4: =(J4*K4)+(I4*L4) -> 544.245 | N4: 2024
A6: Sat day | B6: 6 | C6: =C$2 -> RUBBER TIRE GANTRY | D6: DAY | E6: =E$2 -> CENTENNIAL, VANTERM, DELTAPORT, FRASER SURREY | F6: =VLOOKUP(D6,PAYRATES!$A$1:$D$5,3,FALSE) -> 68.06 | G6: =ROUND(F6*1.5,2) -> 102.09 | H6: =H$2 -> 1 | I6: =G6+H6 -> 103.09 | J6: =F6+H6 -> 69.06 | K6: =K$2 -> 8 | L6: 0 | M6: =(J6*K6)+(I6*L6) -> 552.48 | N6: 2024
A7: Sat night | B7: 6 | C7: =C$2 -> RUBBER TIRE GANTRY | D7: NIGHT | E7: =E$2 -> CENTENNIAL, VANTERM, DELTAPORT, FRASER SURREY | F7: =VLOOKUP(D7,PAYRATES!$A$1:$D$5,3,FALSE) -> 85.07 | G7: =ROUND(F7*1.5,2) -> 127.61 | H7: =H$2 -> 1 | I7: =G7+H7 -> 128.61 | J7: =F7+H7 -> 86.07 | K7: =K$2 -> 8 | L7: 0 | M7: =(J7*K7)+(I7*L7) -> 688.56 | N7: 2024
A8: Sat gravy | B8: 6 | C8: =C$2 -> RUBBER TIRE GANTRY | D8: GRAVEYARD | E8: =E$2 -> CENTENNIAL, VANTERM, DELTAPORT, FRASER SURREY | F8: =VLOOKUP(D8,PAYRATES!$A$1:$D$5,3,FALSE) -> 85.07 | G8: =ROUND(F8*1.5,2) -> 127.61 | H8: =H$2 -> 1 | I8: =G8+H8 -> 128.61 | J8: =F8+H8 -> 86.07 | K8: 6.5 | L8: 0 | M8: =(J8*K8)+(I8*L8) -> 559.455 | N8: 2024
A10: Sun day | B10: 0 | C10: =C$2 -> RUBBER TIRE GANTRY | D10: DAY | E10: =E$2 -> CENTENNIAL, VANTERM, DELTAPORT, FRASER SURREY | F10: =VLOOKUP(D10,PAYRATES!$A$1:$D$5,4,FALSE) -> 85.07 | G10: =ROUND(F10*1.5,2) -> 127.61 | H10: =H$2 -> 1 | I10: =G10+H10 -> 128.61 | J10: =F10+H10 -> 86.07 | K10: =K$2 -> 8 | L10: 0 | M10: =(J10*K10)+(I10*L10) -> 688.56 | N10: 2024
A11: Sun night | B11: 0 | C11: =C$2 -> RUBBER TIRE GANTRY | D11: NIGHT | E11: =E$2 -> CENTENNIAL, VANTERM, DELTAPORT, FRASER SURREY | F11: =VLOOKUP(D11,PAYRATES!$A$1:$D$5,4,FALSE) -> 85.07 | G11: =ROUND(F11*1.5,2) -> 127.61 | H11: =H$2 -> 1 | I11: =G11+H11 -> 128.61 | J11: =F11+H11 -> 86.07 | K11: =K$2 -> 8 | L11: 0 | M11: =(J11*K11)+(I11*L11) -> 688.56 | N11: 2024
A12: Sun gravy | B12: 0 | C12: =C$2 -> RUBBER TIRE GANTRY | D12: GRAVEYARD | E12: =E$2 -> CENTENNIAL, VANTERM, DELTAPORT, FRASER SURREY | F12: =VLOOKUP(D12,PAYRATES!$A$1:$D$5,4,FALSE) -> 85.07 | G12: =ROUND(F12*1.5,2) -> 127.61 | H12: =H$2 -> 1 | I12: =G12+H12 -> 128.61 | J12: =F12+H12 -> 86.07 | K12: 6.5 | L12: 0 | M12: =(J12*K12)+(I12*L12) -> 559.455 | N12: 2024

Sheet TRAINERS
B1: DAYOFWEEK | C1: JOBS | D1: SUBJOB | E1: SHIFT | F1: STDREG | G1: STDOT | H1: DIFFERENTIAL | I1: OTRATE | J1: REGRATE | K1: REGHRS | L1: OTHRS | M1: PAY | N1: YEAR
A2: mon-fri day | B2: 1 , 2 , 3 , 4 , 5 | C2: TRAINER | D2: REGULAR | E2: DAY | F2: =VLOOKUP(E2,PAYRATES!$A$1:$D$5,2,FALSE)*$B$15 -> 70.893333 | G2: =ROUND(F2*1.5,2) -> 106.34 | H2: 1.75 | I2: =G2+H2 -> 108.09 | J2: =F2+H2 -> 72.643333 | K2: 8 | L2: 0 | M2: =(J2*K2)+(I2*L2) -> 581.14667 | N2: 2024
A3: mon-fri night | B3: 1 , 2 , 3 , 4 , 5 | C3: =C$2 -> TRAINER | D3: =D$2 -> REGULAR | E3: NIGHT | F3: =VLOOKUP(E3,PAYRATES!$A$1:$D$5,2,FALSE)*$B$15 -> 89.306667 | G3: =ROUND(F3*1.5,2) -> 133.96 | H3: =H$2 -> 1.75 | I3: =G3+H3 -> 135.71 | J3: =F3+H3 -> 91.056667 | K3: =K$2 -> 8 | L3: =L$2 -> 0 | M3: =(J3*K3)+(I3*L3) -> 728.45333 | N3: 2024
A4: mon-fri gravy | B4: 1 , 2 , 3 , 4 , 5 | C4: =C$2 -> TRAINER | D4: =D$2 -> REGULAR | E4: GRAVEYARD | F4: =VLOOKUP(E4,PAYRATES!$A$1:$D$5,2,FALSE)*$B$15 -> 110.30667 | G4: =ROUND(F4*1.5,2) -> 165.46 | H4: =H$2 -> 1.75 | I4: =G4+H4 -> 167.21 | J4: =F4+H4 -> 112.05667 | K4: 6.5 | L4: =L$2 -> 0 | M4: =(J4*K4)+(I4*L4) -> 728.36833 | N4: 2024
A5: Sat day | B5: 6 | C5: =C$2 -> TRAINER | D5: =D$2 -> REGULAR | E5: DAY | F5: =VLOOKUP(E5,PAYRATES!$A$1:$D$5,3,FALSE)*$B$15 -> 90.746667 | G5: =ROUND(F5*1.5,2) -> 136.12 | H5: =H$2 -> 1.75 | I5: =G5+H5 -> 137.87 | J5: =F5+H5 -> 92.496667 | K5: =K$2 -> 8 | L5: =L$2 -> 0 | M5: =(J5*K5)+(I5*L5) -> 739.97333 | N5: 2024
A6: Sat night | B6: 6 | C6: =C$2 -> TRAINER | D6: =D$2 -> REGULAR | E6: NIGHT | F6: =VLOOKUP(E6,PAYRATES!$A$1:$D$5,3,FALSE)*$B$15 -> 113.42667 | G6: =ROUND(F6*1.5,2) -> 170.14 | H6: =H$2 -> 1.75 | I6: =G6+H6 -> 171.89 | J6: =F6+H6 -> 115.17667 | K6: =K$2 -> 8 | L6: =L$2 -> 0 | M6: =(J6*K6)+(I6*L6) -> 921.41333 | N6: 2024
A7: Sat gravy | B7: 6 | C7: =C$2 -> TRAINER | D7: =D$2 -> REGULAR | E7: GRAVEYARD | F7: =VLOOKUP(E7,PAYRATES!$A$1:$D$5,3,FALSE)*$B$15 -> 113.42667 | G7: =ROUND(F7*1.5,2) -> 170.14 | H7: =H$2 -> 1.75 | I7: =G7+H7 -> 171.89 | J7: =F7+H7 -> 115.17667 | K7: =K$4 -> 6.5 | L7: =L$2 -> 0 | M7: =(J7*K7)+(I7*L7) -> 748.64833 | N7: 2024
A8: Sun day | B8: 0 | C8: =C$2 -> TRAINER | D8: =D$2 -> REGULAR | E8: DAY | F8: =VLOOKUP(E8,PAYRATES!$A$1:$D$5,4,FALSE)*$B$15 -> 113.42667 | G8: =ROUND(F8*1.5,2) -> 170.14 | H8: =H$2 -> 1.75 | I8: =G8+H8 -> 171.89 | J8: =F8+H8 -> 115.17667 | K8: =K$2 -> 8 | L8: =L$2 -> 0 | M8: =(J8*K8)+(I8*L8) -> 921.41333 | N8: 2024
A9: Sun night | B9: 0 | C9: =C$2 -> TRAINER | D9: =D$2 -> REGULAR | E9: NIGHT | F9: =VLOOKUP(E9,PAYRATES!$A$1:$D$5,4,FALSE)*$B$15 -> 113.42667 | G9: =ROUND(F9*1.5,2) -> 170.14 | H9: =H$2 -> 1.75 | I9: =G9+H9 -> 171.89 | J9: =F9+H9 -> 115.17667 | K9: =K$2 -> 8 | L9: =L$2 -> 0 | M9: =(J9*K9)+(I9*L9) -> 921.41333 | N9: 2024
A10: Sun gravy | B10: 0 | C10: =C$2 -> TRAINER | D10: =D$2 -> REGULAR | E10: GRAVEYARD | F10: =VLOOKUP(E10,PAYRATES!$A$1:$D$5,4,FALSE)*$B$15 -> 113.42667 | G10: =ROUND(F10*1.5,2) -> 170.14 | H10: =H$2 -> 1.75 | I10: =G10+H10 -> 171.89 | J10: =F10+H10 -> 115.17667 | K10: =K$4 -> 6.5 | L10: =L$2 -> 0 | M10: =(J10*K10)+(I10*L10) -> 748.64833 | N10: 2024
A11: ALL | B11: 1 , 2 , 3 , 4 , 5 , 6 , 0 | C11: =C$2 -> TRAINER | D11: SENIOR | E11: DAY | F11: =VLOOKUP(E11,PAYRATES!$A$1:$D$5,4,FALSE)*$B$15 -> 113.42667 | G11: =ROUND(F11*1.5,2) -> 170.14 | H11: =H$2 -> 1.75 | I11: =G11+H11 -> 171.89 | J11: =F11+H11 -> 115.17667 | K11: =K$2 -> 8 | L11: =L$2 -> 0 | M11: =(J11*K11)+(I11*L11) -> 921.41333 | N11: 2024
A12: ALL | B12: 1 , 2 , 3 , 4 , 5 , 6 , 0 | C12: =C$2 -> TRAINER | D12: SENIOR | E12: NIGHT | F12: =F11 -> 113.42667 | G12: =ROUND(F12*1.5,2) -> 170.14 | H12: =H$2 -> 1.75 | I12: =G12+H12 -> 171.89 | J12: =F12+H12 -> 115.17667 | K12: =K$2 -> 8 | L12: =L$2 -> 0 | M12: =(J12*K12)+(I12*L12) -> 921.41333 | N12: 2024
A13: ALL | B13: 1 , 2 , 3 , 4 , 5 , 6 , 0 | C13: =C$2 -> TRAINER | D13: SENIOR | E13: GRAVEYARD | F13: =F11 -> 113.42667 | G13: =ROUND(F13*1.5,2) -> 170.14 | H13: =H$2 -> 1.75 | I13: =G13+H13 -> 171.89 | J13: =F13+H13 -> 115.17667 | K13: =K$4 -> 6.5 | L13: =L$2 -> 0 | M13: =(J13*K13)+(I13*L13) -> 748.64833 | N13: 2024
A15: Multiplier | B15: =1+1/3 -> 1.3333333

Sheet FIRST AID
B1: DAYOFWEEK | C1: JOBS | D1: SHIFT | E1: LOCATION | F1: STDREG | G1: STDOT | H1: DIFFERENTIAL | I1: OTRATE | J1: REGRATE | K1: REGHRS | L1: OTHRS | M1: PAY | N1: YEAR
A2: mon-fri day | B2: 1 , 2 , 3 , 4 , 5 | C2: FIRST AID | D2: DAY | E2: CENTENNIAL, VANTERM, DELTAPORT, FRASER SURREY | F2: =VLOOKUP(D2,PAYRATES!$A$1:$D$5,2,FALSE) -> 53.17 | G2: =ROUND(F2*1.5,2) -> 79.76 | H2: 1 | I2: =G2+H2 -> 80.76 | J2: =F2+H2 -> 54.17 | K2: 8 | L2: 1 | M2: =(J2*K2)+(I2*L2) -> 514.12 | N2: 2024
A3: mon-fri night | B3: 1 , 2 , 3 , 4 , 5 | C3: =C$2 -> FIRST AID | D3: NIGHT | E3: =E$2 -> CENTENNIAL, VANTERM, DELTAPORT, FRASER SURREY | F3: =VLOOKUP(D3,PAYRATES!$A$1:$D$5,2,FALSE) -> 66.98 | G3: =ROUND(F3*1.5,2) -> 100.47 | H3: =H$2 -> 1 | I3: =G3+H3 -> 101.47 | J3: =F3+H3 -> 67.98 | K3: =K$2 -> 8 | L3: 1 | M3: =(J3*K3)+(I3*L3) -> 645.31 | N3: 2024
A4: mon-fri gravy | B4: 1 , 2 , 3 , 4 , 5 | C4: =C$2 -> FIRST AID | D4: GRAVEYARD | E4: =E$2 -> CENTENNIAL, VANTERM, DELTAPORT, FRASER SURREY | F4: =VLOOKUP(D4,PAYRATES!$A$1:$D$5,2,FALSE) -> 82.73 | G4: =ROUND(F4*1.5,2) -> 124.1 | H4: =H$2 -> 1 | I4: =G4+H4 -> 125.1 | J4: =F4+H4 -> 83.73 | K4: =K$2 -> 8 | L4: =L$2 -> 1 | M4: =(J4*K4)+(I4*L4) -> 794.94 | N4: 2024
A5: Sat day | B5: 6 | C5: =C$2 -> FIRST AID | D5: DAY | E5: =E$2 -> CENTENNIAL, VANTERM, DELTAPORT, FRASER SURREY | F5: =VLOOKUP(D5,PAYRATES!$A$1:$D$5,3,FALSE) -> 68.06 | G5: =ROUND(F5*1.5,2) -> 102.09 | H5: =H$2 -> 1 | I5: =G5+H5 -> 103.09 | J5: =F5+H5 -> 69.06 | K5: =K$2 -> 8 | L5: 0 | M5: =(J5*K5)+(I5*L5) -> 552.48 | N5: 2024
A6: Sat night | B6: 6 | C6: =C$2 -> FIRST AID | D6: NIGHT | E6: =E$2 -> CENTENNIAL, VANTERM, DELTAPORT, FRASER SURREY | F6: =VLOOKUP(D6,PAYRATES!$A$1:$D$5,3,FALSE) -> 85.07 | G6: =ROUND(F6*1.5,2) -> 127.61 | H6: =H$2 -> 1 | I6: =G6+H6 -> 128.61 | J6: =F6+H6 -> 86.07 | K6: =K$2 -> 8 | L6: 0 | M6: =(J6*K6)+(I6*L6) -> 688.56 | N6: 2024
A7: Sat gravy | B7: 6 | C7: =C$2 -> FIRST AID | D7: GRAVEYARD | E7: =E$2 -> CENTENNIAL, VANTERM, DELTAPORT, FRASER SURREY | F7: =VLOOKUP(D7,PAYRATES!$A$1:$D$5,3,FALSE) -> 85.07 | G7: =ROUND(F7*1.5,2) -> 127.61 | H7: =H$2 -> 1 | I7: =G7+H7 -> 128.61 | J7: =F7+H7 -> 86.07 | K7: =K$2 -> 8 | L7: 0 | M7: =(J7*K7)+(I7*L7) -> 688.56 | N7: 2024
A8: Sun day | B8: 0 | C8: =C$2 -> FIRST AID | D8: DAY | E8: =E$2 -> CENTENNIAL, VANTERM, DELTAPORT, FRASER SURREY | F8: =VLOOKUP(D8,PAYRATES!$A$1:$D$5,4,FALSE) -> 85.07 | G8: =ROUND(F8*1.5,2) -> 127.61 | H8: =H$2 -> 1 | I8: =G8+H8 -> 128.61 | J8: =F8+H8 -> 86.07 | K8: =K$2 -> 8 | L8: 0 | M8: =(J8*K8)+(I8*L8) -> 688.56 | N8: 2024
A9: Sun night | B9: 0 | C9: =C$2 -> FIRST AID | D9: NIGHT | E9: =E$2 -> CENTENNIAL, VANTERM, DELTAPORT, FRASER SURREY | F9: =VLOOKUP(D9,PAYRATES!$A$1:$D$5,4,FALSE) -> 85.07 | G9: =ROUND(F9*1.5,2) -> 127.61 | H9: =H$2 -> 1 | I9: =G9+H9 -> 128.61 | J9: =F9+H9 -> 86.07 | K9: =K$2 -> 8 | L9: 0 | M9: =(J9*K9)+(I9*L9) -> 688.56 | N9: 2024
A10: Sun gravy | B10: 0 | C10: =C$2 -> FIRST AID | D10: GRAVEYARD | E10: =E$2 -> CENTENNIAL, VANTERM, DELTAPORT, FRASER SURREY | F10: =VLOOKUP(D10,PAYRATES!$A$1:$D$5,4,FALSE) -> 85.07 | G10: =ROUND(F10*1.5,2) -> 127.61 | H10: =H$2 -> 1 | I10: =G10+H10 -> 128.61 | J10: =F10+H10 -> 86.07 | K10: =K$2 -> 8 | L10: 0 | M10: =(J10*K10)+(I10*L10) -> 688.56 | N10: 2024

Sheet HLT

Sheet CHECKER

Sheet RMG
